Pantepec,English Translation,Comment
kə,35_hand,
agɲak,7_left,
təʔənak,6_right,
tsuhk,39_leg,
witkuj,140_walk,<wit-kuj walk-NOM 'walking'
tuk,105_roadpath,
miʔinu,139_come,<miʔin-u come-COM 'came'
tsenkseʔedu,146_turn,<tsenkseʔed-u turn-COM 'turned'
suʔumu,148_swim,<suʔum-u swim-COM 'swam'
nasəju,127_dirty,
poʔojo,82_dust,
naka,42_skin,<n-aka POSS1-sin 'my skin'
uka,38_back,
tʲoko,43_belly,<j-toko POSS3-belly 'his belly'
pʲahk,41_bone,<j-pahk POSS3-bone 'his bone'
pʲuʔu,44_intestines,<j-puʔu POSS3-intestines 'his intestines'
pʲat,46_liver,<j-pat POSS3-liver 'his liver'
tʲuʔutsi,45_breast,<j-tuʔutsi POSS3-breasts 'her breasts'
pʲeki,36_shoulder,<j-peki POSS3-shoulder 'his shoulder'
mʲuspa,167_know,<j-mus-pa A3-know-INC 'he knows'
kipspa,168_think,<kips-pa thik-INC 
natspa,182_fear,<nats-pa fear-INC
nəwit,40_blood,
kowahk,27_head,
kʲənə,37_neck,<j-kənə POSS3-heck 'his neck'
wʲahʲ,28_hair,<j-wahʲ POSS3-hair 'his hair'
kinə,30_nose,
heʔekaʔawʲa,184_breathe,<heʔekaʔaj-pa breath-INC 
hʲuʔukispa,166_sniffsmell,<j-huʔuk-is-pa A3-smell-?-INC 'he smells it'
jahnaka,32_mouth,
tʲəʔəhts,34_tooth,<j-təʔəhts POSS3-tooth 'his tooth'
tʲoʔohts,33_tongue,<j-toʔohts POSS3-tongue 'his tongue'
sikpa,169_laugh,<sik-pa laugh-INC 'laughs'
həʔəwʲa,170_cry,<həʔəj-pa cry-INC 'cries'
əʔətsu,185_vomit,<əʔəts-u vomit-COM 'vomited'
tsuhpa,158_spit,<tsuh-pa split-INC 'splits'
kutpa,153_eat,<kut-pa eat-INC 'eats'
waspa,152_chew,<was-pa chew-INC 'chews'
tʲətpakʲutkuj,196_cook,<j-tət-pa j-kut-kuj A3-prepare-INC POSS3-eat-NOM 'prepares his eating'
jukpa,154_drink,<juk-pa drink-INC
kəʔəsowʲa,155_bite,<kəʔəsoj-pa bite-INC
tʲiwatsuʔutsi,156_suck,<j-tiwa-tsuʔutsi 3A-offer?-breast 'gives her breasts'
tʲaʔatsək,31_ear,<j-taʔatsək POSS3-ear 'his ear'
madəhoʔowʲa,165_hear,<madəhoʔoj-pa hear-INC
wʲiʔidəp,29_eye,<j-wiʔidəp POSS3-eye 'his eye'
kembah,164_see,IMP
hawaspa,157_yawn,<hawas-pa yawn-INC
əʔəmba,160_sleep,<əʔən-pa sleep-INC
əʔəmba,145_liedown,<əʔən-pa sleep-INC
mawasʲəʔəwʲa,159_dream,<mawa-sʲəʔəj-pa sleep-dream-INC
poʔokspa,143_sit,<poʔoks-pa sit-INC
tenawʲa,142_stand,<tenaj-pa stand-INC
pət,60_person,
pət,61_man,
jomoʔ,62_woman,
une,63_child,
haja,67_husband,
jomoʔ,68_wife,
mʲama,65_mother,<j-mama POSS3-mother 'his mother'
hʲaʔada,66_father,<j-haʔada POSS3-father 'his father'
tʲəhk,102_house,<j-təhk POSS3-house 'his house'
nekseʔedek,101_thatchroof,
nʲəʔəji,64_name,<j-nəʔəji POSS3-name 'his name'
tʲaʔamu,189_say,<j-taʔam-u A3-say-COM 'he said'
tsahʲ,103_rope,
sʲiʔinu,186_tieup,<j-siʔin-u A3-tieup-COM 'he tied it up'
nʲaʔaku,174_sew,<j-naʔak-u A3-sew-COM 'he sow it'
akuʃʲa,104_needle,
mangmake,180_hunt,?
tʲuhu,197_shoot,<j-tuh-u A3-shoot-COM 'he shot'
hʲuʔutsu,191_stab,<j-huʔuts-u A3-stab-COM 'he stabbed'
nʲaksu,176_hit,<j-naks-u A3-hit-COM 'he hit'
nʲuʔumu,193_steal,<j-nuʔum-u A3-steal-COM 'he stole'
jahkaw,163_kill,<jahk-kaw CAUS-die
kaw,162_die,
ijtu,161_live,<ijt-u live-COM
mʲoʔotsu,190_scratch,<j-moʔots-u A3-steal-COM 'he stole'
tʲəksu,177_cut,<j-təks-u A3-cut-COM 'he cut'
kuhʲ,98_wood,
wʲeʔenu,178_split,<j-weʔen-u A3-split-COM 'he split'
winaʔ,119_sharp,
wit,120_bluntdull,
josu,198_work,<j-jos-u A3-work-COM 'he worked'
nʲihpu,195_plant,<j-nihp-u A3-plant-COM 'he planted'
kʲowiʔiŋu,194_choose,<j-kowiʔiŋ-u E3-choose-COM 'he chose'
jeʔeŋu,141_grow,<j-jeʔeŋ-u A3-grow-COM 'he grew'
siŋu,188_swell,<siŋ-u swell-COM 'it swoll'
kʲomiʔitsu,187_squeeze,<j-komiʔits-u A3-squeeze-COM 'he squeezed'
nʲujku,181_hold,<j-nujk-u A3-hold-COM 'he held'
hʲeʔenu,179_dig,<j-heʔen-u A3-dig-COM 'he dag'
hʲuju,192_buy,<j-huj-u A3-buy-COM 'he bought'
wʲəʔədu,175_pound,<j-wəʔəd-u A3-pound-COM 'he pounded'
wʲəpəʔəw,150_throw,<j-wəpəʔəw A3-throw 'he threw'
kuʔunu,144_fall,<kuʔun-u fall-COM 'fell'
tuwi,47_dog,
paloma,48_bird,Spanish
poʔoka,56_egg,
pəhk,59_feather,
sʲaha►,58_wing,<j-saha POSS3-wing 'his wing'
kejeʔeju,149_flyverb,<kejeʔej-u fly-COM
tsuhk,53_rat,
sʲis,90_meatflesh,<j-sis POSS3-meat 'his/her/its meat'
manteka,92_fatgrease,Spanish
tʲuʔuts,57_tail,<j-tuʔuts POSS3-tail 'his tail'
tsat,50_snake,
tot,51_worm,
awat,52_louse,
usuk,55_mosquito,
aʔamu,54_spider,
punu,49_fish,
pujtsu,128_rotten,
jamwets,96_branch,
ahʲ,97_leaf,
wʲatsi,95_root,
həjə,100_flower,
təʔəp,93_fruit,
tanə,99_grass,
nas,81_earthsoil,
tsaʔ,80_stone,
poʔojo,83_sand,
nəʔ,74_water,
poju,173_flow,<poj-u run-COM 'ran'
hopak,76_sea,
kana,91_salt,
meja,75_lake,
tsaʔamə,94_woodsforest,
tsahp,73_sky,
mamantʲuwe,71_moon,
matsa,72_star,
oʔona,85_cloud,
oʔona,87_fog,
tuh,84_rain,
məhə,88_thunder,
neʔemaʔ,89_lightning,
sawa,86_wind,
sawa,171_blow,
niŋə,133_warm,
pakak,134_cold,
təhtsu,135_dry,
tsoko,136_wet,
hemets,130_heavy,
huktək,77_fire,
pombow,172_burn,
hoko,78_smoke,
hap,79_ash,
jəhkək,106_black,
pobo,107_white,
tsawas,108_red,
puʔutʲ,110_yellow,
tsuhtsu,109_green,
tʲepə,112_small,
məhabə,111_big,
tʲətəpə,114_short,
pəhiʔiwə,113_long,
kajiʔiwə,116_thin,
tsaŋawə,115_thick,
konowə,117_narrow,
peʔtsi,118_wide,
toʔobija,123_painfulsick,
naʔtseʔewə,121_shyashamed,
tsaʔampə,122_old,
homʲewə,137_new,
wəbə,124_good,
malowə,125_bad,<malo-wə  malo(Spanish)-ADJ bad-ADJ
wəbə,126_correcttrue,
tsuʔ,70_night,
hama,69_day,
ame,5_year,
huhtʲeʔek,18_when,
kəwəʔənu,151_hide,<kəwəʔən-u hide-COM 'hid'
kiʔimu,147_climb,<kiʔim-u climb-COM 'climbed'
homo,25_ininside,
wiŋəsi,23_above,
kəʔji,24_below,
jənə,20_this,
hikə,21_that,
tome,132_near,
jaj,131_far,
huwə,17_where,
əjt,8_i,
miht,11_yousg,
hikə,12_heshe,
ətət,10_weallincl,
hiktʲa,13_theyall,
tijə,15_what,
eja,16_who,
ejawə,138_other,
mumu,129_all,
huʔutsə,19_how,
hinda,14_nonot,
maʔajə,183_count,IMP
tumə,1_one,
metsa,2_two,
tukaj,3_three,
makʃkuj,4_four,
