Rayon,English Translation,Comment
kəʔ,35_hand,
aʔaɲak,7_left,
tahaʔ,39_leg,
tuʔunahkuj,140_walk, < t u.ʔ.u n a h-kuj follow.way-NOM  'walking' < t u.ʔ.u n a h- 'to walk'
pakseʔədu,146_turn, < pakseʔəd-u  turn?-PAST 'he turned it'(?)
suŋuj,148_swim,<sun-kuj  swim-NOM 'swimming' < sun- 'to swim'
p ə.ʔ.ə du,127_dirty,
p o.ʔ.o joʔ,82_dust,
naka,42_skin,
ukaʔ,38_back,
tsehk,43_belly,
pak,41_bone,
puʔu,44_intestines,
pat,46_liver,
ts u.ʔ.u ʔtsi,45_breast,
peki,36_shoulder,
muskuj,167_know, <mus-kuj  know-NOM  'knowing' <mus- 'to know'
kipsu,168_think, <kips-u  think-PAST 'he thought' < kips- 'to think'
n a.ʔ.a tsu,182_fear, < n a.ʔ.a ts-u  fear-PASAT 'feared' < n a.ʔ.a ts- 'to fear'
n ə.ʔ.ə wit,40_blood,
kowak,27_head,
k ə.ʔ.ə nə,37_neck,
wahʲ,28_hair,
kinə,30_nose,
hejpəhkuj,184_breathe, <hejpəh-kuj  breath-NOM 'breathing' < hejpəh- 'to breath'
s u.ʔ.u kuj,166_sniffsmell,< s u.ʔ.u- kuj  sniff-NOM  'sniffing' < s u.ʔ.u-  'to sniff'
agnaka,32_mouth,
təhts,34_tooth,
tohts,33_tongue,
si?kuj,169_laugh, <si?-kuj  laugh-NOM 'laughing' < si?- 'to laugh'
h ə.ʔ.ə kʲuj,170_cry, <h ə.ʔ.əj-kuj  cry-NOM 'crying' < h ə.ʔ.ə j- 'to cry'
ə.ʔ.ə tskuj,185_vomit, < ə.ʔ.ə ts-kuj  vomit-NOM  'vomiting'< ə.?.ə ts-'to vomit'
tsuhkuj,158_spit,tsuj-kuj spit-NOM 'spitting' < tsuj-'to spit'
k u.ʔ.u tkuj,153_eat, <k u.ʔ.u t-kuj  eat-NOM  'eating' < k u.ʔ.u t- 'to eat'
waskuj,152_chew,< was-kuj  chew-NOM 'chewing' < was- 'to chew'
kutkutʃəhkuj,196_cook, < kutku-tʃəh-kuj  prepare-food-NOM 'cooking' < kutkutʃəh- 'to make food'
t o.ʔ.o ŋuj,154_drink, <t o.ʔ.o n-kuj  drink-NOM  'drinking' < t o.ʔ.o n-  'to drink'
kəʔskuj,155_bite, <kəʔs-kuj  bite-NOM 'biting' <təʔs- 'to bite'
jakts u.ʔ.u tsu,156_suck, <jak-ts u.ʔ.u ts-u  CAUS-suck-PAST 'he sucked (it)' < jaktsuʔuts- 'to suck'
t a.?.a tsək,31_ear,
madəmokuj,165_hear, <madəmo-kuj  hear-NOM 'hearing' < madəmo-  'to hear'
w i.?.i dəp,29_eye,
kəʔəŋuj,164_see,kəʔəŋ-uj see-NOM  'seeing' < kəʔən- 'to see'
hawaskuj,157_yawn,<hawas-kuj  yawn-NOM 'yawning' < hawas- 'to yawn'
əŋuj,160_sleep,<ən-kuj sleep-NOM 'sleeping' < ən- 'to sleep'
janakʲuj,145_liedown, <jana-kuj  lie.down-NOM 'liying down' < jana- 'to lie down'
mawaʃəkʲuj,159_dream,,mawaʃə-kuj dream-NOM 'dreaming' < mawaʃə- 'to dream'
pokskuj,143_sit, < poks-kuj  sit-NOM  'sitting'< poks- 'to sit down'
tenakʲuj,142_stand, <tenaj-kuj stand-NOM 'standing' < tenaj- 'to stand'
təwə,60_person,
pət,61_man,
jomoʔ,62_woman,
uneʔ,63_child,
haja,67_husband,
jomoʔ,68_wife,3POSS-omoʔ 'his spouse' < omoʔ 'wife'
maʔama,65_mother,
hadaʔ,66_father,
təhk,102_house,
nəji,64_name,
ts a.ʔ.a mguj,189_say, <ts a.ʔ.a m-kuj  say-NOM 'saying' < ts a.ʔ.a m- 'to say'
ts a.ʔ.a hʲ,103_rope,
moksə,186_tieup, <moks-ə  tie.up-IMP 'tie (it) up!'< moks- 'to tie up'
na?kuj,174_sew, <na?-kuj   sew-NOM 'sewing' < na?- 'to sew'
akuʃa,104_needle,
ma?kuj,180_hunt, < ma?-kuj hunt-NOM 'hunting'< ma?- 'to hunt'
tahm a.ʔ.a skuj,191_stab, <tahm a.ʔ.a s-kuj  stab-NOM 'stabbing' < tahm a.ʔ.a k- 'to stab'
ɲaksu,176_hit, <j-naks-u 3E-hit-PAST 'he hit (it)' < naks- 'to hit'
ɲuʔmu,193_steal,< j-nuʔm-u 3E-steel-PAST 'he stole (it)' < nuʔm- 'to steal'
jahk a.ʔ.a ?kuj,163_kill, <jah-k a.ʔ.a?-kuj CAUS-die-NOM 'killing'< jahk a.ʔ.a?- 'to kill'
k a.ʔ.a ?kuj,162_die, <kaʔa?-kuj  die-NOM 'dying' < k a.ʔ.a ?- 'to die'
i.?.i tkuj,161_live, <iʔit-kuj  live-NOM 'living' < i.ʔ.i t- 'to live'
hetsma?skuj,190_scratch, <jetsmaʔs-kuj  scratch-NOM 'scratching'< jetsmaʔs- 'to scratch'
jʲahku,177_cut, < j-ahk-u  3E-cut-PAST 'he cut (it)' < jahk- 'to cut'
kuhʲ,98_wood,
kʲukweʔŋu,178_split, <j-kukweʔŋ-u  3E-split-PAST 'he split (it)'<kukweʔŋ- 'to split'
wiʔnaw,119_sharp,
joskuj,198_work, <jos-kuj  work-NOM 'working'< jos-'to work'
nipkuj,195_plant, nib-kuj  plant-NOM 'planting' < nip- 'to plant'
kobiŋuj,194_choose, <kopin-kuj chose-NOM  'choosing'< kopin- 'to choose'
j e.ʔ.e ŋuj,141_grow, <j e.ʔ.e n-kuj grow-NOM  'gorwing'< j e.ʔ.e n- 'to grow up'
siŋuj,188_swell,<sin-kuj swell-NOM 'swelling'< sin- 'to swell'
ɲuhku,181_hold, <j-nujk-u 3E-hold-PAST 'he held (it)' < nuhk- 'to hold'
tahkuj,179_dig, <tah-kuj dig-NOM 'digging' < tahk- 'to dig'
h u.ʔ.u kʲuj,2_buy19, < hu.ʔ.u j-kuk buy-NOM 'buying' < h u.ʔ.u j- 'to buy'
t a.ʔ.aŋuj,199_opehn, taʔan-kuj open-NOM 'opening' < taʔan- 'to open'
hʲuʔudu,175_pound, < j-h u.ʔ.u d-u  3E-pound-PAST 'he beated (it/him)' < h u.ʔ.u d u- 'to beat'
tənbəʔəkuj,150_throw, <tənbəʔə-kuj throw-NOM 'throwing' < tənbəʔə- 'to throw'
kehku,144_fall, <kehk-u 'it fell' < kehk- 'to fall'
tuʔuwiʔ,47_dog,
hoʔot,48_bird,
pokaʔ,56_egg,
pəhk,59_feather,
sahaʔ,58_wing,
kəjəʔəkuj,149_flyverb,k ə j ə.ʔ.ə k-PAST 'it flew' < k ə j ə.ʔ.ə k- 'to fly'
tsuʔuk,53_rat,
siʔis,90_meatflesh,
ʃewu,92_fatgrease,
tuʔuts,57_tail,
tsat,50_snake,
toʔot,51_worm,
awat,52_louse,
usubʔune,55_mosquito,
amu,54_spider,
punuʔ,49_fish,
puhtsuwə,128_rotten,
aweks,96_branch,
ajʲ,97_leaf,
watsi,95_root,
həjə,100_flower,
təʔəp,93_fruit,
taʔanəʔ,99_grass,
nasʲ,81_earthsoil,
tsaʔ,80_stone,
poʔojoʔ,83_sand,
nəʔ,74_water,
powjawənəʔ,173_flow,powjawənəʔ  ?????
mejaʔ,76_sea,
kana,91_salt,
mejaʔ,75_lake,
tsaʔaməʔədək,94_woodsforest,
tsaʔap,73_sky,
poja,71_moon,
maʔatsaʔ,72_star,
oʔona,85_cloud,
oʔona,87_fog,
tuh,84_rain,
məhə,88_thunder,
məmgə,89_lightning,
sawa,86_wind,
suhkuj,171_blow,suhk-PAST 'he blew' < suhk- 'to blow'
meʔeŋə,133_warm,
pakak,134_cold,
pəhtsu,135_dry,pəhts-PAST 'he dried' < pəhts- 'to dry'
tsoko,136_wet,
hemets,130_heavy,
huʔuktək,77_fire,
pomu,172_burn,pom-PAST 'he burnt (it)' < pom- 'to burn'
joko,78_smoke,  
pəʔəjoʔ,79_ash,
jəkpə,106_black,
poboʔ,107_white,
tsaʔawas,108_red,
puʔutʃə,110_yellow,
tsuhtsuʔ,109_green,
tʃeʔebə,112_small,
məhaʔabə,111_big,
koʔonowəʔ,114_short,
pəhiʔiwə,113_long,
kajiwə,116_thin,
məhtsaʔawjə,115_thick,
kajiwə,117_narrow,
peʔetsiʔiwə,118_wide,
tobjaʔawə,123_painfulsick,
tsaʔahkuj,121_shyashamed,
kanak,122_old,
homjeʔewə,137_new,
wəbə,124_good,
dawəbə,125_bad,
wəbə,126_correcttrue,
tsuʔ,70_night,
hama,69_day,
ameʔ,5_year,
huhtʃəʔək,18_when,
kəwəŋu,151_hide,kəwəŋ-PAST 'he hide' < kəwəŋ- 'to hide'
kimgu,147_climb,kimg-PAST 'he climbed' < kimg- 'to climb'
hohməʔ,26_at,
hohməʔ,25_ininside,
wiŋəsi,23_above,
kəwehkohmə,24_below,
jəmə,20_this,
hiʔikə,21_that,
tomeʔ,132_near,
jaʔajə,131_far,
huwəʔ,17_where,
əhtsiʔ,8_i,
mihtsiʔ,11_yousg,
hiʔikə,12_heshe,
əʔəhtʲap,10_weallincl,
hiktap,13_theyall,
tijə,15_what,
iʔijə,16_who,
ejadap,138_other,
mumudap,129_all,
i,22_and,
huʔutsə,19_how,
nda,14_nonot,
majokʲu,183_count,majoK-PAST 'he counted' < majok- 'to count'
tumə,1_one,
metsa,2_two,
tuka,3_three,
makʃku,4_four,
